title	firstname	lastname	company	address1	address2	address3	town	county	postcode	country	telephone	mobile
	Kai	Waldberg		29 Frith Street			LEAMINGTON SPA		CV31 3BN	United Kingdom		4569987452
	Harvey	Harrison		138 Eastern Road			BRIGHTON		BN2 0AE	United Kingdom		
	Oswald	Mackintosh		34 Kallissta Avenue			MELBOURNE	VICTORIA	3456	AUSTRALIA		
Mr.				13 Jermyn Street			LONDON		NW1 1ER	United Kingdom	01258 789 452	
	Holly	Bentleigh	CAPGEMINI	Cap Gemini House	1 Forge End		WOKING		GU21 6DB	United Kingdom		
Ms.	CHARLEY	HARRISON		Primrose Cottage	wAY Pole Road	Barming	MAIDSTONE		ME19 7TR	United Kingdom		
	JACKSON	PIERCE		15 Somerset House	Oriental Road		WOKING		GU22 7BG	United Kingdom		
Mr.	Fred	Morrison	Morrisons Supermarket	2 Fleet Street			WARRINGTON		CV21 7YH	United Kingdom		
Mr.	Aaron	Tan		45 Serangoon Road			SERANGOON			SINGAPORE		
Dr.	Sarah Louise M	Napier	Capgemini PLC	Cap Gemini House	1 Forge End		WOKING		GU21 6DB	United Kingdom		
Mr. & Mrs.	Andrew and Grace	Sussino		Apartment 5a	5th Avenue		New York	Manhattan	19965	USA		
Ms.	Bobby	Green		Avenue	Charles de Gaulle		Calais			France		
Dr.	Jenny	Brooks		Quant House Flat 10	2 Milmans Street		LONDON		SW10 0DA	United Kingdom		
	Etienne Ypres	Leon		25 Rue Des Etoilles			PARIS	PARIS	1587	FRANCE	01257 459 147	
	Alfred	Bennet		543 Madison Avenue			New York	New York	238765	USA		
Mrs.	Joseph	Dubois		1 Anley Street	St Helier		JERSEY 		JE2 3EQ	JERSEY		
	Paul	Jones		Victoria Street	Alderney		GUERNSEY		GY9 3TA	GUERNSEY		
	Harvey	Harrison		4 duke streeet			brighton		BN1 1AH	United Kingdom		
Mr.	mallory	constable		Unter den Linden	77		BERLIN			GERMANY		
	Spencer	Taylor		84-86	Duke Street		LONDON		W1K 6JP	United Kingdom		
	S	Fielding	Book Depository	23 Fountain Avenue				Florida	3447265	USA		
	Harry	Jones	Books Online 	34 Seaview Terrace			New York	New York	349736	USA		
	Alfred 	Hitchcock		24 Identity Street					SW1 2RF	United Kingdom		
	Eugene											
Mr.	William 	Churchill		40 Dean  Street	Soho		LONDON		W1D 4PX	United Kingdom		
Mr	David	Cameron		54 Frith Street	Soho		LONDON		W1D 4SL	United Kingdom		

